Hero|Publisher,Gender,Race,Alignment,Hair color,Eye color,Skin color,Measurements
A-Bomb|Marvel Comics,Male,Human,good,No Hair,yellow,Unknown,"{'Height': '203.0 cm', 'Weight': '441.0 kg'}"
Abe Sapien|Dark Horse Comics,Male,Icthyo Sapien,good,No Hair,blue,blue,"{'Height': '191.0 cm', 'Weight': '65.0 kg'}"
Abin Sur|DC Comics,Male,Ungaran,good,No Hair,blue,red,"{'Height': '185.0 cm', 'Weight': '90.0 kg'}"
Abomination|Marvel Comics,Male,Human / Radiation,bad,No Hair,green,Unknown,"{'Height': '203.0 cm', 'Weight': '441.0 kg'}"
Absorbing Man|Marvel Comics,Male,Human,bad,No Hair,blue,Unknown,"{'Height': '193.0 cm', 'Weight': '122.0 kg'}"
Adam Strange|DC Comics,Male,Human,good,Blond,blue,Unknown,"{'Height': '185.0 cm', 'Weight': '88.0 kg'}"
Agent Bob|Marvel Comics,Male,Human,good,Brown,brown,Unknown,"{'Height': '178.0 cm', 'Weight': '81.0 kg'}"
Agent Zero|Marvel Comics,Male,Unknown,good,Unknown,Unknown,Unknown,"{'Height': '191.0 cm', 'Weight': '104.0 kg'}"
Air-Walker|Marvel Comics,Male,Unknown,bad,White,blue,Unknown,"{'Height': '188.0 cm', 'Weight': '108.0 kg'}"
Ajax|Marvel Comics,Male,Cyborg,bad,Black,brown,Unknown,"{'Height': '193.0 cm', 'Weight': '90.0 kg'}"
Alan Scott|DC Comics,Male,Unknown,good,Blond,blue,Unknown,"{'Height': '180.0 cm', 'Weight': '90.0 kg'}"
Alien|Dark Horse Comics,Male,Xenomorph XX121,bad,No Hair,Unknown,black,"{'Height': '244.0 cm', 'Weight': '169.0 kg'}"
Amazo|DC Comics,Male,Android,bad,Unknown,red,Unknown,"{'Height': '257.0 cm', 'Weight': '173.0 kg'}"
Ammo|Marvel Comics,Male,Human,bad,Black,brown,Unknown,"{'Height': '188.0 cm', 'Weight': '101.0 kg'}"
Angel|Marvel Comics,Male,Unknown,good,Blond,blue,Unknown,"{'Height': '183.0 cm', 'Weight': '68.0 kg'}"
Angel Dust|Marvel Comics,Female,Mutant,good,Black,yellow,Unknown,"{'Height': '165.0 cm', 'Weight': '57.0 kg'}"
Angel Salvadore|Marvel Comics,Female,Unknown,good,Black,brown,Unknown,"{'Height': '163.0 cm', 'Weight': '54.0 kg'}"
Animal Man|DC Comics,Male,Human,good,Blond,blue,Unknown,"{'Height': '183.0 cm', 'Weight': '83.0 kg'}"
Annihilus|Marvel Comics,Male,Unknown,bad,No Hair,green,Unknown,"{'Height': '180.0 cm', 'Weight': '90.0 kg'}"
Ant-Man|Marvel Comics,Male,Human,good,Blond,blue,Unknown,"{'Height': '211.0 cm', 'Weight': '122.0 kg'}"
Ant-Man II|Marvel Comics,Male,Human,good,Blond,blue,Unknown,"{'Height': '183.0 cm', 'Weight': '86.0 kg'}"
Anti-Venom|Marvel Comics,Male,Symbiote,Unknown,Blond,blue,Unknown,"{'Height': '229.0 cm', 'Weight': '358.0 kg'}"
Apocalypse|Marvel Comics,Male,Mutant,bad,Black,red,grey,"{'Height': '213.0 cm', 'Weight': '135.0 kg'}"
Aqualad|DC Comics,Male,Atlantean,good,Black,blue,Unknown,"{'Height': '178.0 cm', 'Weight': '106.0 kg'}"
Aquaman|DC Comics,Male,Atlantean,good,Blond,blue,Unknown,"{'Height': '185.0 cm', 'Weight': '146.0 kg'}"
Arachne|Marvel Comics,Female,Human,good,Blond,blue,Unknown,"{'Height': '175.0 cm', 'Weight': '63.0 kg'}"
Archangel|Marvel Comics,Male,Mutant,good,Blond,blue,blue,"{'Height': '183.0 cm', 'Weight': '68.0 kg'}"
Arclight|Marvel Comics,Female,Unknown,bad,Purple,violet,Unknown,"{'Height': '173.0 cm', 'Weight': '57.0 kg'}"
Ardina|Marvel Comics,Female,Alien,good,Orange,white,gold,"{'Height': '193.0 cm', 'Weight': '98.0 kg'}"
Ares|Marvel Comics,Male,Unknown,good,Brown,brown,Unknown,"{'Height': '185.0 cm', 'Weight': '270.0 kg'}"
Ariel|Marvel Comics,Female,Unknown,good,Pink,purple,Unknown,"{'Height': '165.0 cm', 'Weight': '59.0 kg'}"
Armor|Marvel Comics,Female,Unknown,good,Black,black,Unknown,"{'Height': '163.0 cm', 'Weight': '50.0 kg'}"
Atlas|Marvel Comics,Male,Mutant,good,Red,brown,Unknown,"{'Height': '183.0 cm', 'Weight': '101.0 kg'}"
Atlas|DC Comics,Male,God / Eternal,bad,Brown,blue,Unknown,"{'Height': '198.0 cm', 'Weight': '126.0 kg'}"
Atom|DC Comics,Male,Unknown,good,Red,blue,Unknown,"{'Height': '178.0 cm', 'Weight': '68.0 kg'}"
Atom Girl|DC Comics,Female,Unknown,good,Black,black,Unknown,"{'Height': '168.0 cm', 'Weight': '54.0 kg'}"
Atom II|DC Comics,Male,Human,good,Auburn,brown,Unknown,"{'Height': '183.0 cm', 'Weight': '81.0 kg'}"
Aurora|Marvel Comics,Female,Mutant,good,Black,blue,Unknown,"{'Height': '180.0 cm', 'Weight': '63.0 kg'}"
Azazel|Marvel Comics,Male,Neyaphem,bad,Black,yellow,red,"{'Height': '183.0 cm', 'Weight': '67.0 kg'}"
Bane|DC Comics,Male,Human,bad,Unknown,Unknown,Unknown,"{'Height': '203.0 cm', 'Weight': '180.0 kg'}"
Banshee|Marvel Comics,Male,Human,good,Strawberry Blond,green,Unknown,"{'Height': '183.0 cm', 'Weight': '77.0 kg'}"
Bantam|Marvel Comics,Male,Unknown,good,Black,brown,Unknown,"{'Height': '165.0 cm', 'Weight': '54.0 kg'}"
Batgirl|DC Comics,Female,Human,good,Red,green,Unknown,"{'Height': '170.0 cm', 'Weight': '57.0 kg'}"
Batgirl IV|DC Comics,Female,Human,good,Black,green,Unknown,"{'Height': '165.0 cm', 'Weight': '52.0 kg'}"
Batgirl VI|DC Comics,Female,Unknown,good,Blond,blue,Unknown,"{'Height': '168.0 cm', 'Weight': '61.0 kg'}"
Batman|DC Comics,Male,Human,good,black,blue,Unknown,"{'Height': '188.0 cm', 'Weight': '95.0 kg'}"
Batman|DC Comics,Male,Human,good,Black,blue,Unknown,"{'Height': '178.0 cm', 'Weight': '77.0 kg'}"
Batman II|DC Comics,Male,Human,good,Black,blue,Unknown,"{'Height': '178.0 cm', 'Weight': '79.0 kg'}"
Battlestar|Marvel Comics,Male,Unknown,good,Black,brown,Unknown,"{'Height': '198.0 cm', 'Weight': '133.0 kg'}"
Beak|Marvel Comics,Male,Unknown,good,White,black,Unknown,"{'Height': '175.0 cm', 'Weight': '63.0 kg'}"
Beast|Marvel Comics,Male,Mutant,good,Blue,blue,blue,"{'Height': '180.0 cm', 'Weight': '181.0 kg'}"
Beast Boy|DC Comics,Male,Human,good,Green,green,green,"{'Height': '173.0 cm', 'Weight': '68.0 kg'}"
Beta Ray Bill|Marvel Comics,Male,Unknown,good,No Hair,Unknown,Unknown,"{'Height': '201.0 cm', 'Weight': '216.0 kg'}"
Big Barda|DC Comics,Female,New God,bad,Black,blue,Unknown,"{'Height': '188.0 cm', 'Weight': '135.0 kg'}"
Big Man|Marvel Comics,Male,Unknown,bad,Brown,blue,Unknown,"{'Height': '165.0 cm', 'Weight': '71.0 kg'}"
Binary|Marvel Comics,Female,Unknown,good,Blond,blue,Unknown,"{'Height': '180.0 cm', 'Weight': '54.0 kg'}"
Bishop|Marvel Comics,Male,Mutant,good,No Hair,brown,Unknown,"{'Height': '198.0 cm', 'Weight': '124.0 kg'}"
Bizarro|DC Comics,Male,Bizarro,neutral,Black,black,white,"{'Height': '191.0 cm', 'Weight': '155.0 kg'}"
Black Adam|DC Comics,Male,Unknown,bad,Black,brown,Unknown,"{'Height': '191.0 cm', 'Weight': '113.0 kg'}"
Black Bolt|Marvel Comics,Male,Inhuman,good,Black,blue,Unknown,"{'Height': '188.0 cm', 'Weight': '95.0 kg'}"
Black Canary|DC Comics,Female,Human,good,Blond,blue,Unknown,"{'Height': '165.0 cm', 'Weight': '58.0 kg'}"
Black Canary|DC Comics,Female,Metahuman,good,Blond,blue,Unknown,"{'Height': '170.0 cm', 'Weight': '59.0 kg'}"
Black Cat|Marvel Comics,Female,Human,good,Blond,green,Unknown,"{'Height': '178.0 cm', 'Weight': '54.0 kg'}"
Black Knight III|Marvel Comics,Male,Human,good,Brown,brown,Unknown,"{'Height': '183.0 cm', 'Weight': '86.0 kg'}"
Black Lightning|DC Comics,Male,Unknown,good,No Hair,brown,Unknown,"{'Height': '185.0 cm', 'Weight': '90.0 kg'}"
Black Mamba|Marvel Comics,Female,Unknown,bad,Black,green,Unknown,"{'Height': '170.0 cm', 'Weight': '52.0 kg'}"
Black Manta|DC Comics,Male,Human,bad,No Hair,black,Unknown,"{'Height': '188.0 cm', 'Weight': '92.0 kg'}"
Black Panther|Marvel Comics,Male,Human,good,Black,brown,Unknown,"{'Height': '183.0 cm', 'Weight': '90.0 kg'}"
Black Widow|Marvel Comics,Female,Human,good,Auburn,green,Unknown,"{'Height': '170.0 cm', 'Weight': '59.0 kg'}"
Blackout|Marvel Comics,Male,Demon,bad,White,red,white,"{'Height': '191.0 cm', 'Weight': '104.0 kg'}"
Blackwing|Marvel Comics,Male,Unknown,bad,Black,blue,Unknown,"{'Height': '185.0 cm', 'Weight': '86.0 kg'}"
Blackwulf|Marvel Comics,Male,Alien,Unknown,White,red,Unknown,"{'Height': '188.0 cm', 'Weight': '88.0 kg'}"
Blade|Marvel Comics,Male,Vampire,good,Black,brown,Unknown,"{'Height': '188.0 cm', 'Weight': '97.0 kg'}"
Bling!|Marvel Comics,Female,Unknown,good,Unknown,Unknown,Unknown,"{'Height': '168.0 cm', 'Weight': '68.0 kg'}"
Blink|Marvel Comics,Female,Mutant,good,Magenta,green,pink,"{'Height': '165.0 cm', 'Weight': '56.0 kg'}"
Blizzard II|Marvel Comics,Male,Unknown,bad,Brown,brown,Unknown,"{'Height': '175.0 cm', 'Weight': '77.0 kg'}"
Blob|Marvel Comics,Male,Unknown,bad,Brown,brown,Unknown,"{'Height': '178.0 cm', 'Weight': '230.0 kg'}"
Bloodaxe|Marvel Comics,Female,Human,bad,Brown,blue,Unknown,"{'Height': '218.0 cm', 'Weight': '495.0 kg'}"
Blue Beetle II|DC Comics,Male,Unknown,good,Brown,blue,Unknown,"{'Height': '183.0 cm', 'Weight': '86.0 kg'}"
Boom-Boom|Marvel Comics,Female,Mutant,good,Blond,blue,Unknown,"{'Height': '165.0 cm', 'Weight': '55.0 kg'}"
Booster Gold|DC Comics,Male,Human,good,Blond,blue,Unknown,"{'Height': '196.0 cm', 'Weight': '97.0 kg'}"
Brainiac|DC Comics,Male,Android,bad,No Hair,green,green,"{'Height': '198.0 cm', 'Weight': '135.0 kg'}"
Brainiac 5|DC Comics,Male,Unknown,good,Blond,green,Unknown,"{'Height': '170.0 cm', 'Weight': '61.0 kg'}"
Brother Voodoo|Marvel Comics,Male,Human,good,Brown / White,brown,Unknown,"{'Height': '183.0 cm', 'Weight': '99.0 kg'}"
Buffy|Dark Horse Comics,Female,Human,good,Blond,green,Unknown,"{'Height': '157.0 cm', 'Weight': '52.0 kg'}"
Bullseye|Marvel Comics,Male,Human,bad,blond,blue,Unknown,"{'Height': '183.0 cm', 'Weight': '90.0 kg'}"
Bumblebee|DC Comics,Female,Human,good,Black,brown,Unknown,"{'Height': '170.0 cm', 'Weight': '59.0 kg'}"
Cable|Marvel Comics,Male,Mutant,good,White,blue,Unknown,"{'Height': '203.0 cm', 'Weight': '158.0 kg'}"
Callisto|Marvel Comics,Female,Unknown,bad,Black,blue,Unknown,"{'Height': '175.0 cm', 'Weight': '74.0 kg'}"
Cannonball|Marvel Comics,Male,Unknown,good,Blond,blue,Unknown,"{'Height': '183.0 cm', 'Weight': '81.0 kg'}"
Captain America|Marvel Comics,Male,Human,good,blond,blue,Unknown,"{'Height': '188.0 cm', 'Weight': '108.0 kg'}"
Captain Atom|DC Comics,Male,Human / Radiation,good,Silver,blue,silver,"{'Height': '193.0 cm', 'Weight': '90.0 kg'}"
Captain Britain|Marvel Comics,Male,Human,good,Blond,blue,Unknown,"{'Height': '198.0 cm', 'Weight': '116.0 kg'}"
Captain Marvel|Marvel Comics,Female,Human-Kree,good,Blond,blue,Unknown,"{'Height': '180.0 cm', 'Weight': '74.0 kg'}"
Captain Marvel|DC Comics,Male,Human,good,Black,blue,Unknown,"{'Height': '193.0 cm', 'Weight': '101.0 kg'}"
Captain Marvel II|DC Comics,Male,Human,good,Black,blue,Unknown,"{'Height': '175.0 cm', 'Weight': '74.0 kg'}"
Carnage|Marvel Comics,Male,Symbiote,bad,Red,green,Unknown,"{'Height': '185.0 cm', 'Weight': '86.0 kg'}"
Cat|Marvel Comics,Female,Unknown,good,Blond,blue,Unknown,"{'Height': '173.0 cm', 'Weight': '61.0 kg'}"
Catwoman|DC Comics,Female,Human,good,Black,green,Unknown,"{'Height': '175.0 cm', 'Weight': '61.0 kg'}"
Century|Marvel Comics,Male,Alien,good,White,white,grey,"{'Height': '201.0 cm', 'Weight': '97.0 kg'}"
Chamber|Marvel Comics,Male,Mutant,good,Brown,brown,Unknown,"{'Height': '175.0 cm', 'Weight': '63.0 kg'}"
Changeling|Marvel Comics,Male,Unknown,bad,Black,brown,Unknown,"{'Height': '180.0 cm', 'Weight': '81.0 kg'}"
Cheetah|DC Comics,Female,Human,bad,Blond,green,Unknown,"{'Height': '163.0 cm', 'Weight': '50.0 kg'}"
Cheetah II|DC Comics,Female,Human,bad,Brown,green,Unknown,"{'Height': '170.0 cm', 'Weight': '55.0 kg'}"
Cheetah III|DC Comics,Female,Human,bad,Brown,brown,Unknown,"{'Height': '175.0 cm', 'Weight': '54.0 kg'}"
Chromos|Team Epic TV,Male,Unknown,bad,Red / Grey,brown,Unknown,"{'Height': '185.0 cm', 'Weight': '86.0 kg'}"
Citizen Steel|DC Comics,Male,Human,good,Red,green,Unknown,"{'Height': '183.0 cm', 'Weight': '170.0 kg'}"
Cloak|Marvel Comics,Male,Unknown,good,black,brown,Unknown,"{'Height': '226.0 cm', 'Weight': '70.0 kg'}"
Colossus|Marvel Comics,Male,Mutant,good,Black,silver,Unknown,"{'Height': '226.0 cm', 'Weight': '225.0 kg'}"
Copycat|Marvel Comics,Female,Mutant,neutral,White,red,blue,"{'Height': '183.0 cm', 'Weight': '67.0 kg'}"
Cottonmouth|Marvel Comics,Male,Human,bad,Black,brown,Unknown,"{'Height': '183.0 cm', 'Weight': '99.0 kg'}"
Crimson Dynamo|Marvel Comics,Male,Unknown,good,No Hair,brown,Unknown,"{'Height': '180.0 cm', 'Weight': '104.0 kg'}"
Crystal|Marvel Comics,Female,Inhuman,good,Red,green,Unknown,"{'Height': '168.0 cm', 'Weight': '50.0 kg'}"
Cyborg|DC Comics,Male,Cyborg,good,Black,brown,Unknown,"{'Height': '198.0 cm', 'Weight': '173.0 kg'}"
Cyclops|Marvel Comics,Male,Mutant,good,Brown,brown,Unknown,"{'Height': '191.0 cm', 'Weight': '88.0 kg'}"
Dagger|Marvel Comics,Female,Unknown,good,Blond,blue,Unknown,"{'Height': '165.0 cm', 'Weight': '52.0 kg'}"
Daredevil|Marvel Comics,Male,Human,good,Red,blue,Unknown,"{'Height': '183.0 cm', 'Weight': '90.0 kg'}"
Darkhawk|Marvel Comics,Male,Human,good,Brown,brown,Unknown,"{'Height': '185.0 cm', 'Weight': '81.0 kg'}"
Darkseid|DC Comics,Male,New God,bad,No Hair,red,grey,"{'Height': '267.0 cm', 'Weight': '817.0 kg'}"
Darkstar|Marvel Comics,Female,Mutant,good,Blond,brown,Unknown,"{'Height': '168.0 cm', 'Weight': '56.0 kg'}"
Darth Vader|George Lucas,Male,Cyborg,bad,No Hair,yellow,Unknown,"{'Height': '198.0 cm', 'Weight': '135.0 kg'}"
Dash|Dark Horse Comics,Male,Human,good,Blond,blue,Unknown,"{'Height': '122.0 cm', 'Weight': '27.0 kg'}"
Dazzler|Marvel Comics,Female,Mutant,good,Blond,blue,Unknown,"{'Height': '173.0 cm', 'Weight': '52.0 kg'}"
Deadman|DC Comics,Male,Human,good,Black,blue,Unknown,"{'Height': '183.0 cm', 'Weight': '90.0 kg'}"
Deadpool|Marvel Comics,Male,Mutant,neutral,No Hair,brown,Unknown,"{'Height': '188.0 cm', 'Weight': '95.0 kg'}"
Deadshot|DC Comics,Male,Human,bad,Brown,brown,Unknown,"{'Height': '185.0 cm', 'Weight': '91.0 kg'}"
Deathlok|Marvel Comics,Male,Cyborg,good,Grey,brown,Unknown,"{'Height': '193.0 cm', 'Weight': '178.0 kg'}"
Deathstroke|DC Comics,Male,Human,neutral,White,blue,Unknown,"{'Height': '193.0 cm', 'Weight': '101.0 kg'}"
Demogoblin|Marvel Comics,Male,Demon,bad,No Hair,red,Unknown,"{'Height': '185.0 cm', 'Weight': '95.0 kg'}"
Destroyer|Marvel Comics,Male,Unknown,bad,Unknown,Unknown,Unknown,"{'Height': '188.0 cm', 'Weight': '383.0 kg'}"
Diamondback|Marvel Comics,Male,Human,bad,Black,brown,Unknown,"{'Height': '193.0 cm', 'Weight': '90.0 kg'}"
Doc Samson|Marvel Comics,Male,Human / Radiation,good,Green,blue,Unknown,"{'Height': '198.0 cm', 'Weight': '171.0 kg'}"
Doctor Doom|Marvel Comics,Male,Human,bad,Brown,brown,Unknown,"{'Height': '201.0 cm', 'Weight': '187.0 kg'}"
Doctor Doom II|Marvel Comics,Male,Unknown,bad,Brown,brown,Unknown,"{'Height': '201.0 cm', 'Weight': '132.0 kg'}"
Doctor Fate|DC Comics,Male,Human,good,Blond,blue,Unknown,"{'Height': '188.0 cm', 'Weight': '89.0 kg'}"
Doctor Octopus|Marvel Comics,Male,Human,bad,Brown,brown,Unknown,"{'Height': '175.0 cm', 'Weight': '110.0 kg'}"
Doctor Strange|Marvel Comics,Male,Human,good,Black,grey,Unknown,"{'Height': '188.0 cm', 'Weight': '81.0 kg'}"
Domino|Marvel Comics,Female,Human,good,Black,blue,white,"{'Height': '173.0 cm', 'Weight': '54.0 kg'}"
Donna Troy|DC Comics,Female,Amazon,good,Black,blue,Unknown,"{'Height': '175.0 cm', 'Weight': '63.0 kg'}"
Doomsday|DC Comics,Male,Alien,bad,White,red,Unknown,"{'Height': '244.0 cm', 'Weight': '412.0 kg'}"
Doppelganger|Marvel Comics,Male,Unknown,bad,No Hair,white,Unknown,"{'Height': '196.0 cm', 'Weight': '104.0 kg'}"
Drax the Destroyer|Marvel Comics,Male,Human / Altered,good,No Hair,red,green,"{'Height': '193.0 cm', 'Weight': '306.0 kg'}"
Elastigirl|Dark Horse Comics,Female,Human,good,Brown,brown,Unknown,"{'Height': '168.0 cm', 'Weight': '56.0 kg'}"
Electro|Marvel Comics,Male,Human,bad,Auburn,blue,Unknown,"{'Height': '180.0 cm', 'Weight': '74.0 kg'}"
Elektra|Marvel Comics,Female,Human,good,Black,blue,Unknown,"{'Height': '175.0 cm', 'Weight': '59.0 kg'}"
Elongated Man|DC Comics,Male,Unknown,good,Red,blue,Unknown,"{'Height': '185.0 cm', 'Weight': '80.0 kg'}"
Emma Frost|Marvel Comics,Female,Unknown,good,Blond,blue,Unknown,"{'Height': '178.0 cm', 'Weight': '65.0 kg'}"
Enchantress|DC Comics,Female,Human,good,Blond,blue,Unknown,"{'Height': '168.0 cm', 'Weight': '57.0 kg'}"
Etrigan|DC Comics,Male,Demon,neutral,No Hair,red,yellow,"{'Height': '193.0 cm', 'Weight': '203.0 kg'}"
Evil Deadpool|Marvel Comics,Male,Mutant,bad,Red,white,Unknown,"{'Height': '188.0 cm', 'Weight': '95.0 kg'}"
Evilhawk|Marvel Comics,Male,Alien,bad,Black,red,green,"{'Height': '191.0 cm', 'Weight': '106.0 kg'}"
Exodus|Marvel Comics,Male,Mutant,bad,Black,blue,red,"{'Height': '183.0 cm', 'Weight': '88.0 kg'}"
Fabian Cortez|Marvel Comics,Unknown,Unknown,bad,Brown,blue,Unknown,"{'Height': '196.0 cm', 'Weight': '96.0 kg'}"
Falcon|Marvel Comics,Male,Human,good,Black,brown,Unknown,"{'Height': '188.0 cm', 'Weight': '108.0 kg'}"
Feral|Marvel Comics,Unknown,Unknown,good,Orange / White,yellow (without irises),Unknown,"{'Height': '175.0 cm', 'Weight': '50.0 kg'}"
Fin Fang Foom|Marvel Comics,Male,Kakarantharaian,good,No Hair,red,green,"{'Height': '975.0 cm', 'Weight': '18.0 kg'}"
Firebird|Marvel Comics,Female,Unknown,good,Black,brown,Unknown,"{'Height': '165.0 cm', 'Weight': '56.0 kg'}"
Firelord|Marvel Comics,Unknown,Unknown,good,Yellow,white,Unknown,"{'Height': '193.0 cm', 'Weight': '99.0 kg'}"
Firestar|Marvel Comics,Female,Mutant,good,Red,green,Unknown,"{'Height': '173.0 cm', 'Weight': '56.0 kg'}"
Firestorm|DC Comics,Male,Human,good,Auburn,blue,Unknown,"{'Height': '188.0 cm', 'Weight': '91.0 kg'}"
Flash|DC Comics,Male,Human,good,Brown / White,blue,Unknown,"{'Height': '180.0 cm', 'Weight': '81.0 kg'}"
Flash II|DC Comics,Male,Human,good,Blond,blue,Unknown,"{'Height': '183.0 cm', 'Weight': '88.0 kg'}"
Flash III|DC Comics,Male,Human,good,Unknown,Unknown,Unknown,"{'Height': '183.0 cm', 'Weight': '86.0 kg'}"
Flash IV|DC Comics,Male,Human,good,Auburn,yellow,Unknown,"{'Height': '157.0 cm', 'Weight': '52.0 kg'}"
Forge|Marvel Comics,Unknown,Unknown,good,Black,brown,Unknown,"{'Height': '183.0 cm', 'Weight': '81.0 kg'}"
Franklin Richards|Marvel Comics,Male,Mutant,good,Blond,blue,Unknown,"{'Height': '142.0 cm', 'Weight': '45.0 kg'}"
Frenzy|Marvel Comics,Female,Unknown,bad,Black,brown,Unknown,"{'Height': '211.0 cm', 'Weight': '104.0 kg'}"
Frigga|Marvel Comics,Female,Unknown,good,White,blue,Unknown,"{'Height': '180.0 cm', 'Weight': '167.0 kg'}"
Galactus|Marvel Comics,Male,Cosmic Entity,neutral,Black,black,Unknown,"{'Height': '876.0 cm', 'Weight': '16.0 kg'}"
Gambit|Marvel Comics,Male,Mutant,good,Brown,red,Unknown,"{'Height': '185.0 cm', 'Weight': '81.0 kg'}"
Gamora|Marvel Comics,Female,Zen-Whoberian,good,Black,yellow,green,"{'Height': '183.0 cm', 'Weight': '77.0 kg'}"
Genesis|Marvel Comics,Male,Unknown,good,Blond,blue,Unknown,"{'Height': '185.0 cm', 'Weight': '86.0 kg'}"
Ghost Rider|Marvel Comics,Male,Demon,good,No Hair,red,Unknown,"{'Height': '188.0 cm', 'Weight': '99.0 kg'}"
Giganta|DC Comics,Female,Unknown,bad,Red,green,Unknown,"{'Height': '62.5 cm', 'Weight': '630.0 kg'}"
Gladiator|Marvel Comics,Male,Strontian,neutral,Blue,blue,purple,"{'Height': '198.0 cm', 'Weight': '268.0 kg'}"
Goblin Queen|Marvel Comics,Female,Unknown,bad,Red,green,Unknown,"{'Height': '168.0 cm', 'Weight': '50.0 kg'}"
Goku|Shueisha,Male,Saiyan,good,Unknown,Unknown,Unknown,"{'Height': '175.0 cm', 'Weight': '62.0 kg'}"
Goliath IV|Marvel Comics,Male,Unknown,good,Black,brown,Unknown,"{'Height': '183.0 cm', 'Weight': '90.0 kg'}"
Gorilla Grodd|DC Comics,Male,Gorilla,bad,Black,yellow,Unknown,"{'Height': '198.0 cm', 'Weight': '270.0 kg'}"
Granny Goodness|DC Comics,Female,Unknown,bad,White,blue,Unknown,"{'Height': '178.0 cm', 'Weight': '115.0 kg'}"
Gravity|Marvel Comics,Male,Human,good,Brown,blue,Unknown,"{'Height': '178.0 cm', 'Weight': '79.0 kg'}"
Green Arrow|DC Comics,Male,Human,good,Blond,green,Unknown,"{'Height': '188.0 cm', 'Weight': '88.0 kg'}"
Green Goblin|Marvel Comics,Male,Human,bad,Auburn,blue,Unknown,"{'Height': '180.0 cm', 'Weight': '83.0 kg'}"
Green Goblin II|Marvel Comics,Male,Unknown,bad,Auburn,blue,Unknown,"{'Height': '178.0 cm', 'Weight': '77.0 kg'}"
Green Goblin III|Marvel Comics,Male,Unknown,good,Unknown,Unknown,Unknown,"{'Height': '183.0 cm', 'Weight': '88.0 kg'}"
Green Goblin IV|Marvel Comics,Male,Unknown,good,Brown,green,Unknown,"{'Height': '178.0 cm', 'Weight': '79.0 kg'}"
Groot|Marvel Comics,Male,Flora Colossus,good,Unknown,yellow,Unknown,"{'Height': '701.0 cm', 'Weight': '4.0 kg'}"
Guy Gardner|DC Comics,Male,Human-Vuldarian,good,Red,blue,Unknown,"{'Height': '188.0 cm', 'Weight': '95.0 kg'}"
Hal Jordan|DC Comics,Male,Human,good,Brown,brown,Unknown,"{'Height': '188.0 cm', 'Weight': '90.0 kg'}"
Han Solo|George Lucas,Male,Human,good,Brown,brown,Unknown,"{'Height': '183.0 cm', 'Weight': '79.0 kg'}"
Harley Quinn|DC Comics,Female,Human,bad,Blond,blue,Unknown,"{'Height': '170.0 cm', 'Weight': '63.0 kg'}"
Havok|Marvel Comics,Male,Mutant,good,Blond,blue,Unknown,"{'Height': '183.0 cm', 'Weight': '79.0 kg'}"
Hawk|DC Comics,Male,Unknown,good,Brown,red,Unknown,"{'Height': '185.0 cm', 'Weight': '89.0 kg'}"
Hawkeye|Marvel Comics,Male,Human,good,Blond,blue,Unknown,"{'Height': '191.0 cm', 'Weight': '104.0 kg'}"
Hawkeye II|Marvel Comics,Female,Human,good,Black,blue,Unknown,"{'Height': '165.0 cm', 'Weight': '57.0 kg'}"
Hawkgirl|DC Comics,Female,Unknown,good,Red,green,Unknown,"{'Height': '175.0 cm', 'Weight': '61.0 kg'}"
Hawkman|DC Comics,Male,Unknown,good,Brown,blue,Unknown,"{'Height': '185.0 cm', 'Weight': '88.0 kg'}"
Heat Wave|DC Comics,Male,Human,bad,No Hair,blue,Unknown,"{'Height': '180.0 cm', 'Weight': '81.0 kg'}"
Hela|Marvel Comics,Female,Asgardian,bad,Black,green,Unknown,"{'Height': '213.0 cm', 'Weight': '225.0 kg'}"
Hellboy|Dark Horse Comics,Male,Demon,good,Black,gold,Unknown,"{'Height': '259.0 cm', 'Weight': '158.0 kg'}"
Hellcat|Marvel Comics,Female,Human,good,Red,blue,Unknown,"{'Height': '173.0 cm', 'Weight': '61.0 kg'}"
Hellstorm|Marvel Comics,Male,Unknown,good,Red,red,Unknown,"{'Height': '185.0 cm', 'Weight': '81.0 kg'}"
Hercules|Marvel Comics,Male,Demi-God,good,Brown,blue,Unknown,"{'Height': '196.0 cm', 'Weight': '146.0 kg'}"
Hobgoblin|Marvel Comics,Male,Unknown,bad,Grey,blue,Unknown,"{'Height': '180.0 cm', 'Weight': '83.0 kg'}"
Hope Summers|Marvel Comics,Female,Unknown,good,Red,green,Unknown,"{'Height': '168.0 cm', 'Weight': '48.0 kg'}"
Hulk|Marvel Comics,Male,Human / Radiation,good,Green,green,green,"{'Height': '244.0 cm', 'Weight': '630.0 kg'}"
Human Torch|Marvel Comics,Male,Human / Radiation,good,Blond,blue,Unknown,"{'Height': '178.0 cm', 'Weight': '77.0 kg'}"
Huntress|DC Comics,Female,Unknown,good,Black,blue,Unknown,"{'Height': '180.0 cm', 'Weight': '59.0 kg'}"
Husk|Marvel Comics,Female,Mutant,good,Blond,blue,Unknown,"{'Height': '170.0 cm', 'Weight': '58.0 kg'}"
Hybrid|Marvel Comics,Male,Symbiote,good,Black,brown,Unknown,"{'Height': '175.0 cm', 'Weight': '77.0 kg'}"
Hydro-Man|Marvel Comics,Male,Unknown,bad,Brown,brown,Unknown,"{'Height': '188.0 cm', 'Weight': '119.0 kg'}"
Hyperion|Marvel Comics,Male,Eternal,good,Red,blue,Unknown,"{'Height': '183.0 cm', 'Weight': '207.0 kg'}"
Iceman|Marvel Comics,Male,Mutant,good,Brown,brown,Unknown,"{'Height': '173.0 cm', 'Weight': '65.0 kg'}"
Impulse|DC Comics,Male,Human,good,Auburn,yellow,Unknown,"{'Height': '170.0 cm', 'Weight': '65.0 kg'}"
Indiana Jones|George Lucas,Male,Human,good,Unknown,Unknown,Unknown,"{'Height': '183.0 cm', 'Weight': '79.0 kg'}"
Ink|Marvel Comics,Male,Mutant,good,No Hair,blue,Unknown,"{'Height': '180.0 cm', 'Weight': '81.0 kg'}"
Invisible Woman|Marvel Comics,Female,Human / Radiation,good,Blond,blue,Unknown,"{'Height': '168.0 cm', 'Weight': '54.0 kg'}"
Iron Fist|Marvel Comics,Male,Human,good,Blond,blue,Unknown,"{'Height': '180.0 cm', 'Weight': '79.0 kg'}"
Iron Man|Marvel Comics,Male,Human,good,Black,blue,Unknown,"{'Height': '198.0 cm', 'Weight': '191.0 kg'}"
Jack of Hearts|Marvel Comics,Male,Human,good,Brown,blue / white,Unknown,"{'Height': '155.0 cm', 'Weight': '79.0 kg'}"
Jack-Jack|Dark Horse Comics,Male,Human,good,Brown,blue,Unknown,"{'Height': '71.0 cm', 'Weight': '14.0 kg'}"
James T. Kirk|Star Trek,Male,Human,good,Brown,hazel,Unknown,"{'Height': '178.0 cm', 'Weight': '77.0 kg'}"
Jean Grey|Marvel Comics,Female,Mutant,good,Red,green,Unknown,"{'Height': '168.0 cm', 'Weight': '52.0 kg'}"
Jennifer Kale|Marvel Comics,Female,Unknown,good,Blond,blue,Unknown,"{'Height': '168.0 cm', 'Weight': '55.0 kg'}"
Jessica Jones|Marvel Comics,Female,Human,good,Brown,brown,Unknown,"{'Height': '170.0 cm', 'Weight': '56.0 kg'}"
John Stewart|DC Comics,Male,Human,good,Black,green,Unknown,"{'Height': '185.0 cm', 'Weight': '90.0 kg'}"
John Wraith|Marvel Comics,Male,Unknown,good,Black,brown,Unknown,"{'Height': '183.0 cm', 'Weight': '88.0 kg'}"
Joker|DC Comics,Male,Human,bad,Green,green,white,"{'Height': '196.0 cm', 'Weight': '86.0 kg'}"
Jolt|Marvel Comics,Female,Unknown,good,Black,blue,Unknown,"{'Height': '165.0 cm', 'Weight': '49.0 kg'}"
Jubilee|Marvel Comics,Female,Mutant,good,Black,red,Unknown,"{'Height': '165.0 cm', 'Weight': '52.0 kg'}"
Juggernaut|Marvel Comics,Male,Human,neutral,Red,blue,Unknown,"{'Height': '287.0 cm', 'Weight': '855.0 kg'}"
Justice|Marvel Comics,Male,Human,good,Brown,hazel,Unknown,"{'Height': '178.0 cm', 'Weight': '81.0 kg'}"
Kang|Marvel Comics,Male,Unknown,bad,Brown,brown,Unknown,"{'Height': '191.0 cm', 'Weight': '104.0 kg'}"
Karate Kid|DC Comics,Male,Human,good,Brown,brown,Unknown,"{'Height': '173.0 cm', 'Weight': '72.0 kg'}"
Killer Croc|DC Comics,Male,Metahuman,bad,No Hair,red,green,"{'Height': '244.0 cm', 'Weight': '356.0 kg'}"
Kilowog|DC Comics,Male,Bolovaxian,good,No Hair,red,pink,"{'Height': '234.0 cm', 'Weight': '324.0 kg'}"
Klaw|Marvel Comics,Male,Human,bad,No Hair,red,red,"{'Height': '188.0 cm', 'Weight': '97.0 kg'}"
Kraven II|Marvel Comics,Male,Human,bad,Black,brown,Unknown,"{'Height': '191.0 cm', 'Weight': '99.0 kg'}"
Kraven the Hunter|Marvel Comics,Male,Human,bad,Black,brown,Unknown,"{'Height': '183.0 cm', 'Weight': '106.0 kg'}"
Krypto|DC Comics,Male,Kryptonian,good,White,blue,Unknown,"{'Height': '64.0 cm', 'Weight': '18.0 kg'}"
Kyle Rayner|DC Comics,Male,Human,good,Black,green,Unknown,"{'Height': '180.0 cm', 'Weight': '79.0 kg'}"
Lady Deathstrike|Marvel Comics,Female,Cyborg,bad,Black,brown,Unknown,"{'Height': '175.0 cm', 'Weight': '58.0 kg'}"
Leader|Marvel Comics,Male,Unknown,bad,No Hair,green,Unknown,"{'Height': '178.0 cm', 'Weight': '63.0 kg'}"
Legion|Marvel Comics,Male,Mutant,good,Black,green / blue,Unknown,"{'Height': '175.0 cm', 'Weight': '59.0 kg'}"
Lex Luthor|DC Comics,Male,Human,bad,No Hair,green,Unknown,"{'Height': '188.0 cm', 'Weight': '95.0 kg'}"
Light Lass|DC Comics,Female,Unknown,good,Red,blue,Unknown,"{'Height': '165.0 cm', 'Weight': '54.0 kg'}"
Lightning Lad|DC Comics,Male,Unknown,good,Red,blue,Unknown,"{'Height': '155.0 cm', 'Weight': '65.0 kg'}"
Lightning Lord|DC Comics,Male,Unknown,bad,Red,blue,Unknown,"{'Height': '191.0 cm', 'Weight': '95.0 kg'}"
Living Brain|Marvel Comics,Unknown,Unknown,bad,Unknown,yellow,Unknown,"{'Height': '198.0 cm', 'Weight': '360.0 kg'}"
Lizard|Marvel Comics,Male,Human,bad,No Hair,red,Unknown,"{'Height': '203.0 cm', 'Weight': '230.0 kg'}"
Lobo|DC Comics,Male,Czarnian,neutral,Black,red,blue-white,"{'Height': '229.0 cm', 'Weight': '288.0 kg'}"
Loki|Marvel Comics,Male,Asgardian,bad,Black,green,Unknown,"{'Height': '193.0 cm', 'Weight': '236.0 kg'}"
Longshot|Marvel Comics,Male,Human,good,Blond,blue,Unknown,"{'Height': '188.0 cm', 'Weight': '36.0 kg'}"
Luke Cage|Marvel Comics,Male,Human,good,Black,brown,Unknown,"{'Height': '198.0 cm', 'Weight': '191.0 kg'}"
Luke Skywalker|George Lucas,Male,Human,good,Blond,blue,Unknown,"{'Height': '168.0 cm', 'Weight': '77.0 kg'}"
Mach-IV|Marvel Comics,Male,Unknown,bad,Brown,brown,Unknown,"{'Height': '180.0 cm', 'Weight': '79.0 kg'}"
Machine Man|Marvel Comics,Unknown,Unknown,good,Black,red,Unknown,"{'Height': '183.0 cm', 'Weight': '383.0 kg'}"
Magneto|Marvel Comics,Male,Mutant,bad,White,grey,Unknown,"{'Height': '188.0 cm', 'Weight': '86.0 kg'}"
Man-Thing|Marvel Comics,Male,Unknown,good,No Hair,red,green,"{'Height': '213.0 cm', 'Weight': '225.0 kg'}"
Man-Wolf|Marvel Comics,Male,Unknown,good,Auburn,brown,Unknown,"{'Height': '188.0 cm', 'Weight': '90.0 kg'}"
Mandarin|Marvel Comics,Male,Human,bad,White,blue,Unknown,"{'Height': '188.0 cm', 'Weight': '97.0 kg'}"
Mantis|Marvel Comics,Female,Human-Kree,good,Black,green,green,"{'Height': '168.0 cm', 'Weight': '52.0 kg'}"
Martian Manhunter|DC Comics,Male,Martian,good,No Hair,red,green,"{'Height': '201.0 cm', 'Weight': '135.0 kg'}"
Marvel Girl|Marvel Comics,Female,Unknown,good,Red,green,Unknown,"{'Height': '170.0 cm', 'Weight': '56.0 kg'}"
Master Brood|Team Epic TV,Male,Unknown,good,Black,blue,Unknown,"{'Height': '183.0 cm', 'Weight': '81.0 kg'}"
Maverick|Marvel Comics,Male,Unknown,good,Black,blue,Unknown,"{'Height': '193.0 cm', 'Weight': '110.0 kg'}"
Maxima|DC Comics,Female,Unknown,bad,Red,brown,Unknown,"{'Height': '180.0 cm', 'Weight': '72.0 kg'}"
Medusa|Marvel Comics,Female,Inhuman,good,Red,green,Unknown,"{'Height': '180.0 cm', 'Weight': '59.0 kg'}"
Meltdown|Marvel Comics,Female,Unknown,good,Blond,blue,Unknown,"{'Height': '165.0 cm', 'Weight': '54.0 kg'}"
Mephisto|Marvel Comics,Male,Unknown,bad,Black,white,Unknown,"{'Height': '198.0 cm', 'Weight': '140.0 kg'}"
Mera|DC Comics,Female,Atlantean,good,Red,blue,Unknown,"{'Height': '175.0 cm', 'Weight': '72.0 kg'}"
Metallo|DC Comics,Male,Android,bad,Brown,green,Unknown,"{'Height': '196.0 cm', 'Weight': '90.0 kg'}"
Metamorpho|DC Comics,Male,Unknown,good,No Hair,black,Unknown,"{'Height': '185.0 cm', 'Weight': '90.0 kg'}"
Metron|DC Comics,Male,Unknown,good,Black,blue,Unknown,"{'Height': '185.0 cm', 'Weight': '86.0 kg'}"
Micro Lad|DC Comics,Male,Unknown,good,Brown,grey,Unknown,"{'Height': '183.0 cm', 'Weight': '77.0 kg'}"
Mimic|Marvel Comics,Male,Unknown,good,Brown,brown,Unknown,"{'Height': '188.0 cm', 'Weight': '101.0 kg'}"
Miss Martian|DC Comics,Female,Unknown,good,Red,red,Unknown,"{'Height': '178.0 cm', 'Weight': '61.0 kg'}"
Mister Fantastic|Marvel Comics,Male,Human / Radiation,good,Brown,brown,Unknown,"{'Height': '185.0 cm', 'Weight': '81.0 kg'}"
Mister Freeze|DC Comics,Male,Human,bad,Unknown,Unknown,Unknown,"{'Height': '183.0 cm', 'Weight': '86.0 kg'}"
Mister Sinister|Marvel Comics,Male,Human / Altered,bad,Black,red,Unknown,"{'Height': '196.0 cm', 'Weight': '128.0 kg'}"
Mockingbird|Marvel Comics,Female,Human,good,Blond,blue,Unknown,"{'Height': '175.0 cm', 'Weight': '61.0 kg'}"
MODOK|Marvel Comics,Male,Cyborg,bad,Brownn,white,Unknown,"{'Height': '366.0 cm', 'Weight': '338.0 kg'}"
Molten Man|Marvel Comics,Male,Unknown,bad,Gold,gold,Unknown,"{'Height': '196.0 cm', 'Weight': '248.0 kg'}"
Monarch|DC Comics,Male,Unknown,good,White,blue,Unknown,"{'Height': '193.0 cm', 'Weight': '90.0 kg'}"
Moon Knight|Marvel Comics,Male,Human,good,Brown,brown,Unknown,"{'Height': '188.0 cm', 'Weight': '101.0 kg'}"
Moonstone|Marvel Comics,Female,Unknown,bad,Blond,blue,Unknown,"{'Height': '180.0 cm', 'Weight': '59.0 kg'}"
Morlun|Marvel Comics,Male,Unknown,bad,Black,white / red,Unknown,"{'Height': '188.0 cm', 'Weight': '79.0 kg'}"
Moses Magnum|Marvel Comics,Male,Unknown,bad,Black,brown,Unknown,"{'Height': '175.0 cm', 'Weight': '72.0 kg'}"
Mr Immortal|Marvel Comics,Male,Mutant,good,Blond,blue,Unknown,"{'Height': '188.0 cm', 'Weight': '70.0 kg'}"
Mr Incredible|Dark Horse Comics,Male,Human,good,Blond,blue,Unknown,"{'Height': '201.0 cm', 'Weight': '158.0 kg'}"
Ms Marvel II|Marvel Comics,Female,Unknown,good,Red,blue,Unknown,"{'Height': '173.0 cm', 'Weight': '61.0 kg'}"
Multiple Man|Marvel Comics,Male,Unknown,good,Brown,blue,Unknown,"{'Height': '180.0 cm', 'Weight': '70.0 kg'}"
Mysterio|Marvel Comics,Male,Human,bad,No Hair,brown,Unknown,"{'Height': '180.0 cm', 'Weight': '79.0 kg'}"
Mystique|Marvel Comics,Female,Mutant,bad,Red / Orange,yellow (without irises),blue,"{'Height': '178.0 cm', 'Weight': '54.0 kg'}"
Namor|Marvel Comics,Male,Atlantean,good,Black,grey,Unknown,"{'Height': '188.0 cm', 'Weight': '125.0 kg'}"
Namora|Marvel Comics,Female,Unknown,good,Blond,blue,Unknown,"{'Height': '180.0 cm', 'Weight': '85.0 kg'}"
Namorita|Marvel Comics,Female,Unknown,good,Blond,blue,Unknown,"{'Height': '168.0 cm', 'Weight': '101.0 kg'}"
Naruto Uzumaki|Shueisha,Male,Human,good,Unknown,Unknown,Unknown,"{'Height': '168.0 cm', 'Weight': '54.0 kg'}"
Nebula|Marvel Comics,Female,Luphomoid,bad,No Hair,blue,blue,"{'Height': '185.0 cm', 'Weight': '83.0 kg'}"
Nick Fury|Marvel Comics,Male,Human,good,Brown / White,brown,Unknown,"{'Height': '185.0 cm', 'Weight': '99.0 kg'}"
Nightcrawler|Marvel Comics,Male,Unknown,good,Indigo,yellow,Unknown,"{'Height': '175.0 cm', 'Weight': '88.0 kg'}"
Nightwing|DC Comics,Male,Human,good,Black,blue,Unknown,"{'Height': '178.0 cm', 'Weight': '79.0 kg'}"
Northstar|Marvel Comics,Male,Unknown,good,Black,blue,Unknown,"{'Height': '180.0 cm', 'Weight': '83.0 kg'}"
Nova|Marvel Comics,Male,Human,good,Brown,brown,Unknown,"{'Height': '185.0 cm', 'Weight': '86.0 kg'}"
Nova|Marvel Comics,Female,Human / Cosmic,good,Red,white,gold,"{'Height': '163.0 cm', 'Weight': '59.0 kg'}"
Odin|Marvel Comics,Male,God / Eternal,good,White,blue,Unknown,"{'Height': '206.0 cm', 'Weight': '293.0 kg'}"
Omniscient|Team Epic TV,Male,Unknown,good,Black,brown,Unknown,"{'Height': '180.0 cm', 'Weight': '65.0 kg'}"
One Punch Man|Shueisha,Male,Human,good,No Hair,Unknown,Unknown,"{'Height': '175.0 cm', 'Weight': '69.0 kg'}"
Onslaught|Marvel Comics,Male,Mutant,bad,No Hair,red,Unknown,"{'Height': '305.0 cm', 'Weight': '405.0 kg'}"
Oracle|DC Comics,Female,Human,good,Red,blue,Unknown,"{'Height': '178.0 cm', 'Weight': '59.0 kg'}"
Penance II|Marvel Comics,Male,Unknown,good,Blond,blue,Unknown,"{'Height': '183.0 cm', 'Weight': '89.0 kg'}"
Penguin|DC Comics,Male,Human,bad,Black,blue,Unknown,"{'Height': '157.0 cm', 'Weight': '79.0 kg'}"
Phantom Girl|DC Comics,Female,Unknown,good,Black,blue,Unknown,"{'Height': '168.0 cm', 'Weight': '54.0 kg'}"
Phoenix|Marvel Comics,Female,Mutant,good,Red,green,Unknown,"{'Height': '168.0 cm', 'Weight': '52.0 kg'}"
Plantman|Marvel Comics,Male,Mutant,bad,Grey,green,Unknown,"{'Height': '183.0 cm', 'Weight': '87.0 kg'}"
Plastic Man|DC Comics,Male,Human,good,Black,blue,Unknown,"{'Height': '185.0 cm', 'Weight': '80.0 kg'}"
Plastique|DC Comics,Female,Unknown,bad,Red,blue,Unknown,"{'Height': '168.0 cm', 'Weight': '55.0 kg'}"
Poison Ivy|DC Comics,Female,Human,bad,Red,green,green,"{'Height': '168.0 cm', 'Weight': '50.0 kg'}"
Polaris|Marvel Comics,Female,Mutant,good,Green,green,Unknown,"{'Height': '170.0 cm', 'Weight': '52.0 kg'}"
Power Girl|DC Comics,Female,Kryptonian,good,blond,blue,Unknown,"{'Height': '180.0 cm', 'Weight': '81.0 kg'}"
Predator|Dark Horse Comics,Male,Yautja,bad,Unknown,Unknown,Unknown,"{'Height': '213.0 cm', 'Weight': '234.0 kg'}"
Professor X|Marvel Comics,Male,Mutant,good,No Hair,blue,Unknown,"{'Height': '183.0 cm', 'Weight': '86.0 kg'}"
Professor Zoom|DC Comics,Male,Human,bad,Strawberry Blond,blue,Unknown,"{'Height': '180.0 cm', 'Weight': '81.0 kg'}"
Psylocke|Marvel Comics,Female,Mutant,good,Purple,blue,Unknown,"{'Height': '180.0 cm', 'Weight': '70.0 kg'}"
Punisher|Marvel Comics,Male,Human,good,Black,blue,Unknown,"{'Height': '183.0 cm', 'Weight': '90.0 kg'}"
Purple Man|Marvel Comics,Male,Human,bad,Purple,purple,purple,"{'Height': '180.0 cm', 'Weight': '74.0 kg'}"
Pyro|Marvel Comics,Male,Unknown,bad,Blond,blue,Unknown,"{'Height': '178.0 cm', 'Weight': '68.0 kg'}"
Question|DC Comics,Male,Human,good,Blond,blue,Unknown,"{'Height': '188.0 cm', 'Weight': '83.0 kg'}"
Quicksilver|Marvel Comics,Male,Mutant,good,Silver,blue,Unknown,"{'Height': '183.0 cm', 'Weight': '79.0 kg'}"
Quill|Marvel Comics,Male,Unknown,good,Brown,brown,Unknown,"{'Height': '163.0 cm', 'Weight': '56.0 kg'}"
Ra's Al Ghul|DC Comics,Male,Human,bad,Grey,green,Unknown,"{'Height': '193.0 cm', 'Weight': '97.0 kg'}"
Rambo|Unknown,Male,Human,good,Black,brown,Unknown,"{'Height': '178.0 cm', 'Weight': '83.0 kg'}"
Raven|DC Comics,Female,Human,neutral,Black,indigo,Unknown,"{'Height': '165.0 cm', 'Weight': '50.0 kg'}"
Ray|DC Comics,Male,Human,good,Red,green,Unknown,"{'Height': '178.0 cm', 'Weight': '70.0 kg'}"
Razor-Fist II|Marvel Comics,Male,Unknown,bad,No Hair,blue,Unknown,"{'Height': '191.0 cm', 'Weight': '117.0 kg'}"
Red Arrow|DC Comics,Male,Human,good,Red,green,Unknown,"{'Height': '180.0 cm', 'Weight': '83.0 kg'}"
Red Hood|DC Comics,Male,Human,neutral,Black,blue,Unknown,"{'Height': '183.0 cm', 'Weight': '81.0 kg'}"
Red Hulk|Marvel Comics,Male,Human / Radiation,neutral,Black,yellow,red,"{'Height': '213.0 cm', 'Weight': '630.0 kg'}"
Red Robin|DC Comics,Male,Human,good,Black,blue,Unknown,"{'Height': '165.0 cm', 'Weight': '56.0 kg'}"
Red Skull|Marvel Comics,Male,Unknown,bad,No Hair,blue,Unknown,"{'Height': '188.0 cm', 'Weight': '108.0 kg'}"
Red Tornado|DC Comics,Male,Android,good,No Hair,green,Unknown,"{'Height': '185.0 cm', 'Weight': '146.0 kg'}"
Rhino|Marvel Comics,Male,Human / Radiation,bad,Brown,brown,Unknown,"{'Height': '196.0 cm', 'Weight': '320.0 kg'}"
Rick Flag|DC Comics,Male,Unknown,bad,Brown,blue,Unknown,"{'Height': '185.0 cm', 'Weight': '85.0 kg'}"
Ripcord|Marvel Comics,Female,Unknown,good,Black,green,Unknown,"{'Height': '180.0 cm', 'Weight': '72.0 kg'}"
Robin|DC Comics,Male,Human,good,Black,blue,Unknown,"{'Height': '178.0 cm', 'Weight': '79.0 kg'}"
Robin II|DC Comics,Male,Human,good,Red,blue,Unknown,"{'Height': '183.0 cm', 'Weight': '101.0 kg'}"
Robin III|DC Comics,Male,Human,good,Black,blue,Unknown,"{'Height': '165.0 cm', 'Weight': '56.0 kg'}"
Robin V|DC Comics,Male,Human,good,Black,blue,Unknown,"{'Height': '137.0 cm', 'Weight': '38.0 kg'}"
Rocket Raccoon|Marvel Comics,Male,Animal,good,Brown,brown,Unknown,"{'Height': '122.0 cm', 'Weight': '25.0 kg'}"
Rogue|Marvel Comics,Female,Unknown,good,Brown / White,green,Unknown,"{'Height': '173.0 cm', 'Weight': '54.0 kg'}"
Rorschach|DC Comics,Male,Human,good,Red,blue,Unknown,"{'Height': '168.0 cm', 'Weight': '63.0 kg'}"
Sabretooth|Marvel Comics,Male,Mutant,bad,Blond,amber,Unknown,"{'Height': '198.0 cm', 'Weight': '171.0 kg'}"
Sage|Marvel Comics,Female,Unknown,good,Black,blue,Unknown,"{'Height': '170.0 cm', 'Weight': '61.0 kg'}"
Sandman|Marvel Comics,Male,Human,neutral,Brown,brown,Unknown,"{'Height': '185.0 cm', 'Weight': '203.0 kg'}"
Sasquatch|Marvel Comics,Male,Unknown,good,Orange,red,Unknown,"{'Height': '305.0 cm', 'Weight': '900.0 kg'}"
Scarecrow|DC Comics,Male,Human,bad,Brown,blue,Unknown,"{'Height': '183.0 cm', 'Weight': '63.0 kg'}"
Scarlet Spider|Marvel Comics,Male,Human,good,Blond,blue,Unknown,"{'Height': '178.0 cm', 'Weight': '74.0 kg'}"
Scarlet Spider II|Marvel Comics,Male,Clone,good,Brown,brown,Unknown,"{'Height': '193.0 cm', 'Weight': '113.0 kg'}"
Scarlet Witch|Marvel Comics,Female,Mutant,bad,Brown,blue,Unknown,"{'Height': '170.0 cm', 'Weight': '59.0 kg'}"
Scorpion|Marvel Comics,Male,Human,bad,Brown,brown,Unknown,"{'Height': '211.0 cm', 'Weight': '310.0 kg'}"
Sentry|Marvel Comics,Male,Mutant,neutral,Blond,blue,Unknown,"{'Height': '188.0 cm', 'Weight': '87.0 kg'}"
Shadow King|Marvel Comics,Unknown,Unknown,good,Unknown,red,Unknown,"{'Height': '185.0 cm', 'Weight': '149.0 kg'}"
Shadow Lass|DC Comics,Female,Talokite,good,Black,black,blue,"{'Height': '173.0 cm', 'Weight': '54.0 kg'}"
Shadowcat|Marvel Comics,Female,Mutant,good,Brown,hazel,Unknown,"{'Height': '168.0 cm', 'Weight': '50.0 kg'}"
Shang-Chi|Marvel Comics,Male,Human,good,Black,brown,Unknown,"{'Height': '178.0 cm', 'Weight': '79.0 kg'}"
Shatterstar|Marvel Comics,Male,Unknown,good,Red,brown,Unknown,"{'Height': '191.0 cm', 'Weight': '88.0 kg'}"
She-Hulk|Marvel Comics,Female,Human,good,Green,green,Unknown,"{'Height': '201.0 cm', 'Weight': '315.0 kg'}"
She-Thing|Marvel Comics,Female,Human / Radiation,good,No Hair,blue,Unknown,"{'Height': '183.0 cm', 'Weight': '153.0 kg'}"
Shocker|Marvel Comics,Male,Human,bad,Brown,brown,Unknown,"{'Height': '175.0 cm', 'Weight': '79.0 kg'}"
Shriek|Marvel Comics,Female,Unknown,good,Black,yellow / blue,Unknown,"{'Height': '173.0 cm', 'Weight': '52.0 kg'}"
Sif|Marvel Comics,Female,Asgardian,good,Black,blue,Unknown,"{'Height': '188.0 cm', 'Weight': '191.0 kg'}"
Silver Surfer|Marvel Comics,Male,Alien,good,No Hair,white,silver,"{'Height': '193.0 cm', 'Weight': '101.0 kg'}"
Silverclaw|Marvel Comics,Female,Unknown,good,Black,brown,Unknown,"{'Height': '157.0 cm', 'Weight': '50.0 kg'}"
Sinestro|DC Comics,Male,Korugaran,neutral,Black,black,red,"{'Height': '201.0 cm', 'Weight': '92.0 kg'}"
Siren|DC Comics,Female,Atlantean,bad,Purple,blue,Unknown,"{'Height': '175.0 cm', 'Weight': '72.0 kg'}"
Siryn|Marvel Comics,Female,Unknown,bad,Strawberry Blond,blue,Unknown,"{'Height': '168.0 cm', 'Weight': '52.0 kg'}"
Skaar|Marvel Comics,Male,Unknown,good,Black,green,Unknown,"{'Height': '198.0 cm', 'Weight': '180.0 kg'}"
Snowbird|Marvel Comics,Female,Unknown,good,Blond,white,Unknown,"{'Height': '178.0 cm', 'Weight': '49.0 kg'}"
Solomon Grundy|DC Comics,Male,Zombie,bad,White,black,Unknown,"{'Height': '279.0 cm', 'Weight': '437.0 kg'}"
Songbird|Marvel Comics,Female,Unknown,good,Red / White,green,Unknown,"{'Height': '165.0 cm', 'Weight': '65.0 kg'}"
Space Ghost|DC Comics,Male,Human,good,Unknown,Unknown,Unknown,"{'Height': '188.0 cm', 'Weight': '113.0 kg'}"
Spawn|Image Comics,Male,Demon,good,Black,brown,Unknown,"{'Height': '211.0 cm', 'Weight': '405.0 kg'}"
Spider-Girl|Marvel Comics,Female,Human,good,Brown,blue,Unknown,"{'Height': '170.0 cm', 'Weight': '54.0 kg'}"
Spider-Gwen|Marvel Comics,Female,Human,good,Blond,blue,Unknown,"{'Height': '165.0 cm', 'Weight': '56.0 kg'}"
Spider-Man|Marvel Comics,Male,Human,good,Brown,hazel,Unknown,"{'Height': '178.0 cm', 'Weight': '74.0 kg'}"
Spider-Man|Marvel Comics,Unknown,Human,good,Brown,red,Unknown,"{'Height': '178.0 cm', 'Weight': '77.0 kg'}"
Spider-Man|Marvel Comics,Male,Human,good,Black,brown,Unknown,"{'Height': '157.0 cm', 'Weight': '56.0 kg'}"
Spider-Woman|Marvel Comics,Female,Human,good,Black,green,Unknown,"{'Height': '178.0 cm', 'Weight': '59.0 kg'}"
Spider-Woman III|Marvel Comics,Female,Unknown,good,Brown,brown,Unknown,"{'Height': '173.0 cm', 'Weight': '55.0 kg'}"
Spider-Woman IV|Marvel Comics,Female,Unknown,bad,White,red,Unknown,"{'Height': '178.0 cm', 'Weight': '58.0 kg'}"
Spock|Star Trek,Male,Human-Vulcan,good,Black,brown,Unknown,"{'Height': '185.0 cm', 'Weight': '81.0 kg'}"
Spyke|Marvel Comics,Male,Mutant,good,Blond,brown,Unknown,"{'Height': '183.0 cm', 'Weight': '83.0 kg'}"
Star-Lord|Marvel Comics,Male,Human-Spartoi,good,Blond,blue,Unknown,"{'Height': '188.0 cm', 'Weight': '79.0 kg'}"
Starfire|DC Comics,Female,Tamaranean,good,Auburn,green,orange,"{'Height': '193.0 cm', 'Weight': '71.0 kg'}"
Stargirl|DC Comics,Female,Human,good,Blond,blue,Unknown,"{'Height': '165.0 cm', 'Weight': '62.0 kg'}"
Static|DC Comics,Male,Mutant,good,Black,brown,Unknown,"{'Height': '170.0 cm', 'Weight': '63.0 kg'}"
Steel|DC Comics,Male,Unknown,good,No Hair,brown,Unknown,"{'Height': '201.0 cm', 'Weight': '131.0 kg'}"
Steppenwolf|DC Comics,Male,New God,bad,Black,red,white,"{'Height': '183.0 cm', 'Weight': '91.0 kg'}"
Storm|Marvel Comics,Female,Mutant,good,White,blue,Unknown,"{'Height': '180.0 cm', 'Weight': '57.0 kg'}"
Sunspot|Marvel Comics,Male,Mutant,good,black,brown,Unknown,"{'Height': '173.0 cm', 'Weight': '77.0 kg'}"
Superboy|DC Comics,Male,Unknown,good,Black,blue,Unknown,"{'Height': '170.0 cm', 'Weight': '68.0 kg'}"
Superboy-Prime|DC Comics,Male,Kryptonian,bad,Black / Blue,blue,Unknown,"{'Height': '180.0 cm', 'Weight': '77.0 kg'}"
Supergirl|DC Comics,Female,Kryptonian,good,Blond,blue,Unknown,"{'Height': '165.0 cm', 'Weight': '54.0 kg'}"
Superman|DC Comics,Male,Kryptonian,good,Black,blue,Unknown,"{'Height': '191.0 cm', 'Weight': '101.0 kg'}"
Swarm|Marvel Comics,Male,Mutant,bad,No Hair,yellow,yellow,"{'Height': '196.0 cm', 'Weight': '47.0 kg'}"
Synch|Marvel Comics,Male,Unknown,good,Black,brown,Unknown,"{'Height': '180.0 cm', 'Weight': '74.0 kg'}"
T-1000|Dark Horse Comics,Male,Android,bad,Unknown,Unknown,silver,"{'Height': '183.0 cm', 'Weight': '146.0 kg'}"
Taskmaster|Marvel Comics,Male,Human,bad,Brown,brown,Unknown,"{'Height': '188.0 cm', 'Weight': '99.0 kg'}"
Tempest|Marvel Comics,Female,Unknown,good,Black,brown,Unknown,"{'Height': '163.0 cm', 'Weight': '54.0 kg'}"
Thanos|Marvel Comics,Male,Eternal,bad,No Hair,red,purple,"{'Height': '201.0 cm', 'Weight': '443.0 kg'}"
The Comedian|DC Comics,Male,Human,neutral,Black,brown,Unknown,"{'Height': '188.0 cm', 'Weight': '101.0 kg'}"
Thing|Marvel Comics,Male,Human / Radiation,good,No Hair,blue,Unknown,"{'Height': '183.0 cm', 'Weight': '225.0 kg'}"
Thor|Marvel Comics,Male,Asgardian,good,Blond,blue,Unknown,"{'Height': '198.0 cm', 'Weight': '288.0 kg'}"
Thor Girl|Marvel Comics,Female,Asgardian,good,Blond,blue,Unknown,"{'Height': '175.0 cm', 'Weight': '143.0 kg'}"
Thunderbird|Marvel Comics,Male,Unknown,good,Black,brown,Unknown,"{'Height': '185.0 cm', 'Weight': '101.0 kg'}"
Thunderbird III|Marvel Comics,Male,Unknown,good,Black,brown,Unknown,"{'Height': '175.0 cm', 'Weight': '74.0 kg'}"
Thunderstrike|Marvel Comics,Male,Unknown,good,Blond,blue,Unknown,"{'Height': '198.0 cm', 'Weight': '288.0 kg'}"
Thundra|Marvel Comics,Female,Unknown,good,Red,green,Unknown,"{'Height': '218.0 cm', 'Weight': '158.0 kg'}"
Tiger Shark|Marvel Comics,Male,Human,bad,No Hair,grey,grey,"{'Height': '185.0 cm', 'Weight': '203.0 kg'}"
Tigra|Marvel Comics,Female,Unknown,good,Auburn,green,Unknown,"{'Height': '178.0 cm', 'Weight': '81.0 kg'}"
Tinkerer|Marvel Comics,Male,Unknown,bad,White,brown,Unknown,"{'Height': '163.0 cm', 'Weight': '54.0 kg'}"
Toad|Marvel Comics,Male,Mutant,neutral,Brown,black,green,"{'Height': '175.0 cm', 'Weight': '76.0 kg'}"
Toxin|Marvel Comics,Male,Symbiote,good,Brown,blue,Unknown,"{'Height': '188.0 cm', 'Weight': '97.0 kg'}"
Toxin|Marvel Comics,Male,Symbiote,good,Blond,black,Unknown,"{'Height': '191.0 cm', 'Weight': '117.0 kg'}"
Trickster|DC Comics,Male,Human,Unknown,Blond,blue,Unknown,"{'Height': '183.0 cm', 'Weight': '81.0 kg'}"
Triplicate Girl|DC Comics,Female,Unknown,good,Brown,purple,Unknown,"{'Height': '168.0 cm', 'Weight': '59.0 kg'}"
Triton|Marvel Comics,Male,Inhuman,good,No Hair,green,green,"{'Height': '188.0 cm', 'Weight': '86.0 kg'}"
Ultragirl|Marvel Comics,Female,Unknown,good,Blond,blue,Unknown,"{'Height': '168.0 cm', 'Weight': '105.0 kg'}"
Ultron|Marvel Comics,Male,Android,bad,Unknown,red,silver,"{'Height': '206.0 cm', 'Weight': '331.0 kg'}"
Utgard-Loki|Marvel Comics,Male,Frost Giant,bad,White,blue,Unknown,"{'Height': '15.2 cm', 'Weight': '58.0 kg'}"
Valerie Hart|Team Epic TV,Female,Unknown,good,Black,hazel,Unknown,"{'Height': '175.0 cm', 'Weight': '56.0 kg'}"
Valkyrie|Marvel Comics,Female,Unknown,good,Blond,blue,Unknown,"{'Height': '191.0 cm', 'Weight': '214.0 kg'}"
Vanisher|Marvel Comics,Male,Unknown,bad,No Hair,green,Unknown,"{'Height': '165.0 cm', 'Weight': '79.0 kg'}"
Vegeta|Shueisha,Male,Saiyan,bad,Black,Unknown,Unknown,"{'Height': '168.0 cm', 'Weight': '73.0 kg'}"
Venom|Marvel Comics,Male,Symbiote,bad,Strawberry Blond,blue,Unknown,"{'Height': '191.0 cm', 'Weight': '117.0 kg'}"
Venom II|Marvel Comics,Male,Unknown,bad,Black,brown,Unknown,"{'Height': '175.0 cm', 'Weight': '50.0 kg'}"
Venom III|Marvel Comics,Male,Symbiote,bad,Brown,brown,Unknown,"{'Height': '229.0 cm', 'Weight': '334.0 kg'}"
Vertigo II|Marvel Comics,Female,Unknown,good,Silver,blue,Unknown,"{'Height': '168.0 cm', 'Weight': '52.0 kg'}"
Vibe|DC Comics,Male,Human,good,Black,brown,Unknown,"{'Height': '178.0 cm', 'Weight': '71.0 kg'}"
Vindicator|Marvel Comics,Female,Human,good,Red,green,Unknown,"{'Height': '165.0 cm', 'Weight': '54.0 kg'}"
Violet Parr|Dark Horse Comics,Female,Human,good,Black,violet,Unknown,"{'Height': '137.0 cm', 'Weight': '41.0 kg'}"
Vision|Marvel Comics,Male,Android,good,No Hair,gold,red,"{'Height': '191.0 cm', 'Weight': '135.0 kg'}"
Vixen|DC Comics,Female,Human,good,Black,amber,Unknown,"{'Height': '175.0 cm', 'Weight': '63.0 kg'}"
Vulture|Marvel Comics,Male,Human,bad,No Hair,brown,Unknown,"{'Height': '180.0 cm', 'Weight': '79.0 kg'}"
Walrus|Marvel Comics,Male,Human,bad,Black,blue,Unknown,"{'Height': '183.0 cm', 'Weight': '162.0 kg'}"
War Machine|Marvel Comics,Male,Human,good,Brown,brown,Unknown,"{'Height': '185.0 cm', 'Weight': '95.0 kg'}"
Warlock|Marvel Comics,Male,Unknown,good,Blond,red,Unknown,"{'Height': '188.0 cm', 'Weight': '108.0 kg'}"
Warp|DC Comics,Male,Unknown,bad,Black,brown,Unknown,"{'Height': '173.0 cm', 'Weight': '67.0 kg'}"
Warpath|Marvel Comics,Male,Mutant,good,Black,brown,Unknown,"{'Height': '218.0 cm', 'Weight': '158.0 kg'}"
Wasp|Marvel Comics,Female,Human,good,Auburn,blue,Unknown,"{'Height': '163.0 cm', 'Weight': '50.0 kg'}"
Winter Soldier|Marvel Comics,Male,Human,good,Brown,brown,Unknown,"{'Height': '175.0 cm', 'Weight': '117.0 kg'}"
Wolfsbane|Marvel Comics,Female,Unknown,good,Auburn,green,Unknown,"{'Height': '366.0 cm', 'Weight': '473.0 kg'}"
Wolverine|Marvel Comics,Male,Mutant,good,Black,blue,Unknown,"{'Height': '160.0 cm', 'Weight': '135.0 kg'}"
Wonder Girl|DC Comics,Female,Demi-God,good,Blond,blue,Unknown,"{'Height': '165.0 cm', 'Weight': '51.0 kg'}"
Wonder Man|Marvel Comics,Male,Unknown,good,Black,red,Unknown,"{'Height': '188.0 cm', 'Weight': '171.0 kg'}"
Wonder Woman|DC Comics,Female,Amazon,good,Black,blue,Unknown,"{'Height': '183.0 cm', 'Weight': '74.0 kg'}"
X-23|Marvel Comics,Female,Mutant / Clone,good,Black,green,Unknown,"{'Height': '155.0 cm', 'Weight': '50.0 kg'}"
X-Man|Marvel Comics,Male,Unknown,good,Brown,blue,Unknown,"{'Height': '175.0 cm', 'Weight': '61.0 kg'}"
Yellowjacket|Marvel Comics,Male,Human,good,Blond,blue,Unknown,"{'Height': '183.0 cm', 'Weight': '83.0 kg'}"
Yellowjacket II|Marvel Comics,Female,Human,good,Strawberry Blond,blue,Unknown,"{'Height': '165.0 cm', 'Weight': '52.0 kg'}"
Yoda|George Lucas,Male,Yoda's species,good,White,brown,green,"{'Height': '66.0 cm', 'Weight': '17.0 kg'}"
Zatanna|DC Comics,Female,Human,good,Black,blue,Unknown,"{'Height': '170.0 cm', 'Weight': '57.0 kg'}"
Zoom|DC Comics,Male,Unknown,bad,Brown,red,Unknown,"{'Height': '185.0 cm', 'Weight': '81.0 kg'}"